{"labels": ["Epoch", "Loss", "Precision", "Recall", "F1-Score"], "train_results": [[1.3085918922552326, 10.697179350718468, 7.1301880099326, 8.55683269476373], [0.6496149141516462, 39.76362943194815, 36.99893579283434, 38.33149577361264], [0.4143457790749185, 54.421052631578945, 55.01951046470379, 54.71864526371494], [0.26733252386118744, 67.82638649672752, 69.8474636395885, 68.82209017825934], [0.18989854766018438, 76.94183211424591, 78.36112096488115, 77.64499121265376]], "val_results": [[0.969419236151164, 46.908315565031984, 31.976744186046513, 38.02938634399309], [0.8289889137216863, 50.799289520426285, 41.56976744186046, 45.72342126298961], [0.6782567325054399, 58.28313253012048, 56.25, 57.24852071005918], [0.6801845627343095, 57.16272600834492, 59.73837209302325, 58.42217484008528], [0.718844061729892, 58.43023255813954, 58.43023255813954, 58.43023255813954]]}